{
  "left": "C0",
  "right": "C2",
  "metrics": {
    "recall_at_10": {
      "mean_delta_right_minus_left": -0.013906,
      "ci95": [
        -0.025207,
        -0.00396
      ],
      "resamples": 10000
    },
    "mrr": {
      "mean_delta_right_minus_left": -0.009782,
      "ci95": [
        -0.025782,
        0.005917
      ],
      "resamples": 10000
    },
    "ndcg_at_10": {
      "mean_delta_right_minus_left": -0.014298,
      "ci95": [
        -0.023385,
        -0.005227
      ],
      "resamples": 10000
    }
  },
  "selected": "C0"
}