{
  "split": "val",
  "sample_size": 300,
  "seed": 20260712,
  "compatibility_gate_passed": false,
  "evaluation_mode": "normalized_pattern_fallback",
  "answer_set": {
    "exact_match": 0.016667,
    "precision": 0.073833,
    "recall": 0.08739,
    "f1": 0.058013,
    "n": 300
  },
  "entity_link_f1": 0.678326,
  "relation_f1": 0.089,
  "path_valid_rate": 0.916667,
  "graph_answerability": {
    "full": 5,
    "partial": 37,
    "none": 258
  },
  "strata": {
    "answer_node": {
      "exact_match": 0.0,
      "precision": 0.133182,
      "recall": 0.147428,
      "f1": 0.08246,
      "n": 110
    },
    "answer_relation": {
      "exact_match": 0.026316,
      "precision": 0.039474,
      "recall": 0.052632,
      "f1": 0.04386,
      "n": 190
    },
    "nodes_2": {
      "exact_match": 0.085714,
      "precision": 0.294286,
      "recall": 0.11523,
      "f1": 0.106641,
      "n": 35
    },
    "nodes_3": {
      "exact_match": 0.01,
      "precision": 0.050833,
      "recall": 0.104881,
      "f1": 0.063631,
      "n": 200
    },
    "nodes_4": {
      "exact_match": 0.0,
      "precision": 0.025897,
      "recall": 0.018581,
      "f1": 0.014543,
      "n": 65
    }
  },
  "run_id": "primekgqa_val_patterns_20260712_300"
}